Threshold,Erode,Dilate,Score,FPS
1,1,1,34.5133,0
1,1,2,34.5133,0
1,1,3,34.5133,0
1,1,4,34.5133,0
1,1,5,34.5133,0
1,1,6,34.5133,0
1,1,7,34.5133,0
1,1,8,34.5133,0
1,1,9,34.5133,0
1,1,10,34.5133,0
1,2,1,34.5133,0
1,2,2,62.793,0.549451
1,2,3,34.5133,0
1,2,4,34.5133,0
1,2,5,34.5133,0
1,2,6,34.5133,0
1,2,7,34.5133,0
1,2,8,34.5133,0
1,2,9,34.5133,0
1,2,10,34.5133,0
1,3,1,34.5133,0
1,3,2,34.5133,0
1,3,3,34.5133,0
1,3,4,34.5133,0
1,3,5,34.5133,0
1,3,6,34.5133,0
1,3,7,34.5133,0
1,3,8,34.5133,0
1,3,9,34.5133,0
1,3,10,34.5133,0
1,4,1,84.014,0.521049
1,4,2,34.5133,0
1,4,3,34.5133,0
1,4,4,34.5133,0
1,4,5,34.5133,0
1,4,6,34.5133,0
1,4,7,34.5133,0
1,4,8,34.5133,0
1,4,9,34.5133,0
1,4,10,34.5133,0
1,5,1,87.5715,0.543478
1,5,2,51.3108,0.966142
1,5,3,34.5133,0
1,5,4,34.5133,0
1,5,5,34.5133,0
1,5,6,34.5133,0
1,5,7,34.5133,0
1,5,8,34.5133,0
1,5,9,34.5133,0
1,5,10,34.5133,0
1,6,1,73.1964,0.488797
1,6,2,34.5133,0
1,6,3,34.5133,0
1,6,4,34.5133,0
1,6,5,34.5133,0
1,6,6,34.5133,0
1,6,7,34.5133,0
1,6,8,34.5133,0
1,6,9,34.5133,0
1,6,10,34.5133,0
1,7,1,67.2405,0.487006
1,7,2,52.2022,0.710871
1,7,3,67.2285,0.671021
1,7,4,34.5133,0
1,7,5,34.5133,0
1,7,6,34.5133,0
1,7,7,34.5133,0
1,7,8,34.5133,0
1,7,9,34.5133,0
1,7,10,34.5133,0
1,8,1,65.4725,0.458753
1,8,2,69.0148,0.479057
1,8,3,64.5856,0.50591
1,8,4,34.5133,0
1,8,5,34.5133,0
1,8,6,34.5133,0
1,8,7,34.5133,0
1,8,8,34.5133,0
1,8,9,34.5133,0
1,8,10,34.5133,0
1,9,1,62.8128,0.445531
1,9,2,75.1953,0.490814
1,9,3,67.2403,0.508322
1,9,4,34.5133,0
1,9,5,34.5133,0
1,9,6,34.5133,0
1,9,7,34.5133,0
1,9,8,34.5133,0
1,9,9,34.5133,0
1,9,10,34.5133,0
1,10,1,65.4722,0.42727
1,10,2,71.6701,0.473616
1,10,3,34.5133,0
1,10,4,66.3592,0.495115
1,10,5,34.5133,0
1,10,6,34.5133,0
1,10,7,34.5133,0
1,10,8,34.5133,0
1,10,9,34.5133,0
1,10,10,34.5133,0
13,1,1,62.8055,0.42619
13,1,2,64.5796,0.450648
13,1,3,62.78,0.504622
13,1,4,63.6756,0.514502
13,1,5,78.689,0.551408
13,1,6,34.5133,0
13,1,7,34.5133,0
13,1,8,34.5133,0
13,1,9,34.5133,0
13,1,10,34.5133,0
13,2,1,59.2756,0.416084
13,2,2,62.8142,0.425516
13,2,3,61.9254,0.445005
13,2,4,63.6573,0.51823
13,2,5,63.6656,0.514244
13,2,6,77.8053,0.551542
13,2,7,34.5133,0
13,2,8,34.5133,0
13,2,9,34.5133,0
13,2,10,34.5133,0
13,3,1,64.5758,0.406183
13,3,2,61.9234,0.423395
13,3,3,61.9257,0.42656
13,3,4,63.6895,0.440014
13,3,5,66.3184,0.484023
13,3,6,63.6597,0.507523
13,3,7,71.6041,0.540334
13,3,8,34.5133,0
13,3,9,34.5133,0
13,3,10,34.5133,0
13,4,1,57.5035,0.405265
13,4,2,68.124,0.422004
13,4,3,63.6739,0.429152
13,4,4,63.0745,0.432619
13,4,5,63.6995,0.441717
13,4,6,62.7953,0.482226
13,4,7,64.5456,0.492396
13,4,8,64.5338,0.539251
13,4,9,34.5133,0
13,4,10,34.5133,0
13,5,1,61.9286,0.433848
13,5,2,53.9631,0.47318
13,5,3,60.0463,0.421516
13,5,4,65.4546,0.419435
13,5,5,65.4705,0.423142
13,5,6,63.7024,0.444549
13,5,7,61.8996,0.484293
13,5,8,61.8961,0.486649
13,5,9,62.7536,0.5513
13,5,10,34.5133,0
13,6,1,62.7625,0.392375
13,6,2,56.6179,0.44788
13,6,3,50.4101,0.501398
13,6,4,65.4641,0.427787
13,6,5,65.4618,0.413042
13,6,6,62.8128,0.418162
13,6,7,65.4742,0.433665
13,6,8,62.7894,0.478631
13,6,9,67.2125,0.485813
13,6,10,59.2406,0.557502
13,7,1,60.1573,0.393646
13,7,2,53.0777,0.444952
13,7,3,45.1052,0.521723
13,7,4,67.2045,0.421595
13,7,5,44.2311,0.582715
13,7,6,52.1937,0.455498
13,7,7,60.1573,0.41342
13,7,8,67.2367,0.423443
13,7,9,63.6733,0.458753
13,7,10,67.2124,0.468899
13,8,1,58.3936,0.393386
13,8,2,57.5067,0.39122
13,8,3,48.6572,0.50191
13,8,4,60.1348,0.415487
13,8,5,26.5368,0.896825
13,8,6,34.5013,0.629176
13,8,7,53.0852,0.455719
13,8,8,61.9293,0.40942
13,8,9,64.5797,0.413072
13,8,10,62.7808,0.44664
13,9,1,60.091,0.367002
13,9,2,53.9704,0.377939
13,9,3,57.5019,0.406241
13,9,4,48.6395,0.523051
13,9,5,45.1032,0.641208
13,9,6,39.8025,0.55665
13,9,7,48.6499,0.487994
13,9,8,58.3946,0.416621
13,9,9,64.5774,0.405789
13,9,10,61.9332,0.406197
13,10,1,61.9305,0.343915
13,10,2,59.2771,0.328259
13,10,3,62.8119,0.318382
13,10,4,62.7894,0.374197
13,10,5,64.5464,0.406285
13,10,6,61.9154,0.414147
13,10,7,38.0422,0.588174
13,10,8,54.8514,0.462527
13,10,9,56.6218,0.428566
13,10,10,65.461,0.395547
25,1,1,63.6962,0.327974
25,1,2,64.5766,0.337777
25,1,3,66.338,0.408075
25,1,4,64.5641,0.420371
25,1,5,66.3252,0.452616
25,1,6,65.4352,0.464791
25,1,7,70.7278,0.493148
25,1,8,64.506,0.480565
25,1,9,34.5133,0
25,1,10,34.5133,0
25,2,1,64.5853,0.324694
25,2,2,61.9253,0.338091
25,2,3,66.3475,0.343988
25,2,4,65.4635,0.394622
25,2,5,63.683,0.421045
25,2,6,63.6742,0.45238
25,2,7,68.0853,0.46756
25,2,8,70.7273,0.489835
25,2,9,34.5133,0
25,2,10,34.5133,0
25,3,1,64.575,0.318256
25,3,2,63.7017,0.331097
25,3,3,61.9199,0.341369
25,3,4,64.5729,0.343361
25,3,5,65.4618,0.399929
25,3,6,66.3366,0.424876
25,3,7,67.2052,0.44305
25,3,8,64.5422,0.448751
25,3,9,72.4997,0.459667
25,3,10,34.5133,0
25,4,1,65.4561,0.309572
25,4,2,63.681,0.310073
25,4,3,63.7021,0.33649
25,4,4,61.9247,0.348217
25,4,5,64.5831,0.366919
25,4,6,66.3528,0.414193
25,4,7,65.4532,0.429217
25,4,8,66.3103,0.435789
25,4,9,66.3146,0.441406
25,4,10,62.7729,0.447951
25,5,1,62.8113,0.321388
25,5,2,63.6972,0.341142
25,5,3,61.9166,0.322691
25,5,4,65.4681,0.328431
25,5,5,61.9274,0.341545
25,5,6,67.2312,0.352157
25,5,7,65.4657,0.402766
25,5,8,66.3377,0.425244
25,5,9,63.6729,0.417143
25,5,10,65.4285,0.433133
25,6,1,58.3495,0.306732
25,6,2,61.036,0.335541
25,6,3,55.7052,0.358446
25,6,4,63.6946,0.347297
25,6,5,64.5823,0.302835
25,6,6,61.9138,0.356119
25,6,7,62.8147,0.348701
25,6,8,67.2357,0.374842
25,6,9,67.2231,0.390882
25,6,10,64.5565,0.39835
25,7,1,63.6937,0.295216
25,7,2,65.4587,0.290997
25,7,3,48.6489,0.371992
25,7,4,63.6795,0.337757
25,7,5,61.0394,0.332197
25,7,6,66.3564,0.342383
25,7,7,61.9218,0.36123
25,7,8,63.7015,0.349175
25,7,9,66.3465,0.344554
25,7,10,64.5626,0.387477
25,8,1,64.5726,0.264185
25,8,2,65.4596,0.26967
25,8,3,61.9115,0.30172
25,8,4,59.2448,0.349975
25,8,5,28.3037,0.481794
25,8,6,61.0198,0.337808
25,8,7,64.5854,0.325442
25,8,8,60.151,0.353092
25,8,9,65.4704,0.333836
25,8,10,66.3364,0.340331
25,9,1,62.8053,0.260711
25,9,2,64.5677,0.254258
25,9,3,61.031,0.288464
25,9,4,61.9185,0.306907
25,9,5,36.2638,0.475109
25,9,6,61.9141,0.319408
25,9,7,64.5786,0.316225
25,9,8,66.3521,0.326147
25,9,9,64.5712,0.339207
25,9,10,64.5869,0.334438
25,10,1,66.3471,0.255327
25,10,2,64.5749,0.251318
25,10,3,59.2576,0.269864
25,10,4,64.5618,0.285917
25,10,5,61.9009,0.320813
25,10,6,64.5613,0.311931
25,10,7,55.724,0.342819
25,10,8,66.3335,0.301567
25,10,9,64.5816,0.297564
25,10,10,61.92,0.335043
37,1,1,64.573,0.270814
37,1,2,65.4641,0.305282
37,1,3,63.6778,0.328823
37,1,4,63.6761,0.351401
37,1,5,61.8963,0.375528
37,1,6,65.4384,0.389159
37,1,7,63.6636,0.417838
37,1,8,67.9641,0.427383
37,1,9,34.5133,0
37,1,10,34.5133,0
37,2,1,66.3502,0.277192
37,2,2,66.3406,0.295595
37,2,3,66.3476,0.306549
37,2,4,65.4449,0.333176
37,2,5,64.57,0.363531
37,2,6,61.8983,0.384759
37,2,7,64.5494,0.393536
37,2,8,62.7798,0.414694
37,2,9,61.0076,0.413798
37,2,10,34.5133,0
37,3,1,66.3358,0.28842
37,3,2,63.6967,0.29022
37,3,3,63.6889,0.298051
37,3,4,62.8133,0.311956
37,3,5,65.4526,0.339309
37,3,6,64.5613,0.350997
37,3,7,61.9044,0.383753
37,3,8,65.4352,0.385705
37,3,9,62.773,0.394622
37,3,10,65.4224,0.402092
37,4,1,62.803,0.277928
37,4,2,63.6755,0.280543
37,4,3,65.4673,0.284778
37,4,4,64.5728,0.309318
37,4,5,65.4701,0.307986
37,4,6,63.6847,0.33986
37,4,7,63.6834,0.354788
37,4,8,61.9039,0.363625
37,4,9,65.4359,0.369547
37,4,10,68.9702,0.393756
37,5,1,62.802,0.299449
37,5,2,63.6873,0.282946
37,5,3,64.5644,0.28219
37,5,4,69.0039,0.278311
37,5,5,66.3514,0.295533
37,5,6,65.4663,0.316837
37,5,7,64.5754,0.342715
37,5,8,65.4512,0.33663
37,5,9,61.9006,0.334944
37,5,10,64.5536,0.330265
37,6,1,66.321,0.28633
37,6,2,64.5711,0.292632
37,6,3,63.6731,0.300492
37,6,4,66.3507,0.294824
37,6,5,65.4693,0.289513
37,6,6,63.6943,0.302082
37,6,7,65.4559,0.316971
37,6,8,63.6874,0.32641
37,6,9,64.5632,0.323819
37,6,10,63.6712,0.333009
37,7,1,67.2146,0.267715
37,7,2,64.5618,0.255998
37,7,3,68.1076,0.29575
37,7,4,61.9206,0.289974
37,7,5,57.497,0.317996
37,7,6,64.5799,0.287137
37,7,7,62.8075,0.307542
37,7,8,65.4528,0.307793
37,7,9,64.5695,0.319074
37,7,10,64.5703,0.317362
37,8,1,67.2143,0.244351
37,8,2,63.685,0.255183
37,8,3,67.2141,0.267026
37,8,4,61.0192,0.314483
37,8,5,65.4523,0.26738
37,8,6,60.1465,0.308904
37,8,7,66.351,0.290982
37,8,8,62.7876,0.294011
37,8,9,65.4572,0.290825
37,8,10,65.4434,0.315325
37,9,1,65.4589,0.247476
37,9,2,65.4554,0.241541
37,9,3,63.6795,0.256771
37,9,4,65.4507,0.278579
37,9,5,62.7979,0.269048
37,9,6,63.6747,0.260465
37,9,7,65.4529,0.279419
37,9,8,64.5775,0.288273
37,9,9,63.6871,0.293552
37,9,10,64.5732,0.296674
37,10,1,64.5577,0.237255
37,10,2,66.346,0.228025
37,10,3,64.5741,0.258463
37,10,4,61.0283,0.255044
37,10,5,63.6733,0.256457
37,10,6,64.5557,0.250332
37,10,7,65.438,0.252198
37,10,8,62.8071,0.275502
37,10,9,64.5744,0.274372
37,10,10,64.5705,0.291967
49,1,1,65.448,0.210719
49,1,2,67.2041,0.259371
49,1,3,66.3401,0.268065
49,1,4,65.4339,0.282401
49,1,5,65.4387,0.330903
49,1,6,65.432,0.334191
49,1,7,59.2403,0.354788
49,1,8,65.43,0.360424
49,1,9,62.7762,0.364634
49,1,10,60.9809,0.371088
49,2,1,65.455,0.219069
49,2,2,65.4408,0.229913
49,2,3,66.3351,0.266127
49,2,4,62.7777,0.305504
49,2,5,62.7793,0.303103
49,2,6,62.78,0.339829
49,2,7,62.7796,0.343058
49,2,8,68.0807,0.352244
49,2,9,62.7767,0.359266
49,2,10,64.5389,0.342455
49,3,1,65.4523,0.228935
49,3,2,65.4467,0.227827
49,3,3,65.4533,0.233071
49,3,4,63.6773,0.268211
49,3,5,62.7848,0.294056
49,3,6,62.7822,0.307961
49,3,7,65.4375,0.348787
49,3,8,61.8956,0.343789
49,3,9,59.2442,0.322765
49,3,10,65.431,0.33666
49,4,1,64.5693,0.230124
49,4,2,65.4435,0.229395
49,4,3,65.4496,0.230589
49,4,4,65.4453,0.240216
49,4,5,64.5598,0.266214
49,4,6,65.412,0.288884
49,4,7,60.1309,0.300924
49,4,8,66.3212,0.337434
49,4,9,68.0865,0.333245
49,4,10,61.8936,0.319633
49,5,1,62.7939,0.242094
49,5,2,65.4682,0.245513
49,5,3,64.5724,0.230363
49,5,4,65.4548,0.23655
49,5,5,65.4458,0.239829
49,5,6,64.5568,0.257046
49,5,7,65.4449,0.276128
49,5,8,62.7798,0.277029
49,5,9,61.9022,0.31627
49,5,10,65.4372,0.322664
49,6,1,63.6801,0.239316
49,6,2,63.6806,0.242666
49,6,3,63.6717,0.238618
49,6,4,67.2188,0.241598
49,6,5,64.569,0.236912
49,6,6,64.5613,0.240507
49,6,7,66.3183,0.264985
49,6,8,63.6667,0.291628
49,6,9,62.783,0.282021
49,6,10,64.535,0.324974
49,7,1,63.6805,0.225118
49,7,2,65.4409,0.241175
49,7,3,65.4459,0.246112
49,7,4,63.6734,0.255754
49,7,5,65.4428,0.242058
49,7,6,65.4514,0.242442
49,7,7,64.5587,0.243058
49,7,8,65.4352,0.26823
49,7,9,67.2099,0.263545
49,7,10,65.4338,0.271981
49,8,1,66.3376,0.220514
49,8,2,64.5559,0.22149
49,8,3,63.8134,0.234591
49,8,4,62.7865,0.257438
49,8,5,64.5668,0.241262
49,8,6,63.6675,0.241216
49,8,7,62.7896,0.244293
49,8,8,65.4427,0.233119
49,8,9,66.321,0.245359
49,8,10,63.6651,0.253409
49,9,1,64.5602,0.218244
49,9,2,66.335,0.218751
49,9,3,64.5639,0.232295
49,9,4,64.5567,0.248833
49,9,5,63.6808,0.248003
49,9,6,63.6691,0.224002
49,9,7,64.5689,0.249003
49,9,8,64.5541,0.230039
49,9,9,63.6467,0.235093
49,9,10,65.4379,0.244462
49,10,1,65.4489,0.214068
49,10,2,63.6881,0.217337
49,10,3,65.4498,0.216214
49,10,4,64.571,0.233891
49,10,5,64.5443,0.234347
49,10,6,65.4352,0.227108
49,10,7,63.6695,0.233862
49,10,8,63.6845,0.247525
49,10,9,68.1107,0.226766
49,10,10,65.4499,0.238306
61,1,1,64.5683,0.18334
61,1,2,63.6803,0.212574
61,1,3,63.6755,0.234119
61,1,4,64.563,0.253352
61,1,5,63.669,0.262772
61,1,6,65.435,0.278682
61,1,7,64.5375,0.304221
61,1,8,64.5477,0.315634
61,1,9,67.1152,0.29497
61,1,10,66.3133,0.312777
61,2,1,66.3296,0.192806
61,2,2,65.4461,0.200639
61,2,3,63.6748,0.225266
61,2,4,65.4494,0.249735
61,2,5,66.3316,0.270853
61,2,6,65.4246,0.282931
61,2,7,61.8937,0.315493
61,2,8,65.4358,0.313784
61,2,9,67.1792,0.319787
61,2,10,64.5462,0.30316
61,3,1,64.5529,0.205671
61,3,2,64.5617,0.203784
61,3,3,65.4456,0.203622
61,3,4,63.6658,0.222796
61,3,5,63.668,0.238527
61,3,6,65.4532,0.263483
61,3,7,66.318,0.27726
61,3,8,64.5398,0.304394
61,3,9,62.7773,0.290683
61,3,10,62.7758,0.303853
61,4,1,65.4277,0.207473
61,4,2,64.5538,0.213119
61,4,3,68.1071,0.206623
61,4,4,65.4511,0.209139
61,4,5,65.4493,0.226921
61,4,6,63.6899,0.245936
61,4,7,68.1115,0.259693
61,4,8,64.5389,0.270834
61,4,9,60.9619,0.289855
61,4,10,62.7794,0.299902
61,5,1,63.6787,0.204373
61,5,2,64.5626,0.222017
61,5,3,64.5506,0.215296
61,5,4,65.4505,0.2095
61,5,5,65.4528,0.207324
61,5,6,63.6698,0.227268
61,5,7,66.3466,0.253477
61,5,8,65.4558,0.249685
61,5,9,64.5501,0.258688
61,5,10,62.7733,0.259914
61,6,1,64.5637,0.210483
61,6,2,64.5635,0.232855
61,6,3,65.4311,0.207077
61,6,4,64.5501,0.221834
61,6,5,66.3335,0.207701
61,6,6,64.5583,0.208842
61,6,7,64.5624,0.224858
61,6,8,63.6964,0.242677
61,6,9,66.3349,0.237795
61,6,10,67.1994,0.25148
61,7,1,63.669,0.207404
61,7,2,61.012,0.23286
61,7,3,62.783,0.216475
61,7,4,64.5564,0.217266
61,7,5,63.6529,0.216687
61,7,6,65.4421,0.211401
61,7,7,67.2226,0.210805
61,7,8,63.6805,0.221782
61,7,9,65.4619,0.230928
61,7,10,63.6877,0.236555
61,8,1,62.7848,0.199618
61,8,2,65.4381,0.2194
61,8,3,60.133,0.225127
61,8,4,65.4374,0.226
61,8,5,66.3174,0.207935
61,8,6,61.0251,0.211081
61,8,7,63.6838,0.211207
61,8,8,63.6838,0.209721
61,8,9,63.679,0.217559
61,8,10,65.4655,0.227795
61,9,1,64.5539,0.194532
61,9,2,62.7769,0.203428
61,9,3,65.4401,0.211845
61,9,4,60.1329,0.237021
61,9,5,63.6714,0.228935
61,9,6,64.5479,0.218704
61,9,7,62.789,0.211504
61,9,8,64.557,0.205627
61,9,9,62.7959,0.206332
61,9,10,64.5553,0.213055
61,10,1,65.4369,0.194315
61,10,2,64.5535,0.202158
61,10,3,65.4388,0.203523
61,10,4,65.4396,0.212654
61,10,5,65.4389,0.216995
61,10,6,65.4313,0.206178
61,10,7,63.6622,0.206846
61,10,8,66.3323,0.205052
61,10,9,65.4421,0.199368
61,10,10,64.5608,0.201125
73,1,1,65.4399,0.172044
73,1,2,66.3264,0.196885
73,1,3,66.3191,0.226172
73,1,4,66.3321,0.238593
73,1,5,64.57,0.258937
73,1,6,65.4345,0.260531
73,1,7,66.2777,0.274912
73,1,8,65.4334,0.266528
73,1,9,64.5488,0.277532
73,1,10,63.6658,0.279267
73,2,1,65.441,0.17878
73,2,2,64.5556,0.185049
73,2,3,65.4444,0.210197
73,2,4,64.5636,0.239078
73,2,5,65.4556,0.247357
73,2,6,65.4573,0.280223
73,2,7,64.5515,0.281346
73,2,8,64.5485,0.290227
73,2,9,66.3097,0.270115
73,2,10,65.4358,0.265022
73,3,1,64.5484,0.18802
73,3,2,63.6663,0.192501
73,3,3,65.4372,0.194115
73,3,4,63.6714,0.217429
73,3,5,64.5483,0.240682
73,3,6,61.9144,0.252136
73,3,7,63.6853,0.285815
73,3,8,66.3257,0.284034
73,3,9,63.6704,0.274612
73,3,10,65.4363,0.272848
73,4,1,64.5535,0.200522
73,4,2,65.4265,0.196734
73,4,3,65.4383,0.199904
73,4,4,66.3203,0.199207
73,4,5,64.5493,0.216326
73,4,6,62.7686,0.253955
73,4,7,67.2191,0.252587
73,4,8,62.7972,0.2738
73,4,9,64.5505,0.26996
73,4,10,68.0899,0.282479
73,5,1,65.4363,0.201096
73,5,2,64.5491,0.207161
73,5,3,63.6603,0.204666
73,5,4,65.435,0.20611
73,5,5,65.43,0.199851
73,5,6,65.4362,0.222783
73,5,7,65.4382,0.244425
73,5,8,61.9088,0.251912
73,5,9,67.2297,0.25391
73,5,10,63.6645,0.247005
73,6,1,64.5557,0.20382
73,6,2,63.6731,0.216687
73,6,3,66.3133,0.198427
73,6,4,63.6626,0.200163
73,6,5,63.6595,0.207828
73,6,6,64.5547,0.199855
73,6,7,62.7867,0.220669
73,6,8,65.4305,0.237625
73,6,9,62.7859,0.2296
73,6,10,63.6817,0.244203
73,7,1,65.4264,0.197756
73,7,2,62.7752,0.200475
73,7,3,65.4465,0.213631
73,7,4,66.3167,0.202317
73,7,5,63.6675,0.202698
73,7,6,65.4431,0.20189
73,7,7,66.3172,0.202132
73,7,8,64.5433,0.210115
73,7,9,64.5503,0.215242
73,7,10,65.4542,0.217911
73,8,1,64.5494,0.205949
73,8,2,61.8956,0.201724
73,8,3,67.2071,0.199028
73,8,4,66.3201,0.210597
73,8,5,64.5512,0.205649
73,8,6,66.3192,0.197359
73,8,7,65.4361,0.200316
73,8,8,66.3211,0.199873
73,8,9,64.5557,0.200227
73,8,10,64.5573,0.206888
73,9,1,62.7719,0.203508
73,9,2,67.2068,0.199555
73,9,3,65.4316,0.20091
73,9,4,64.5499,0.203099
73,9,5,65.4357,0.201265
73,9,6,65.4363,0.201674
73,9,7,66.3159,0.200248
73,9,8,66.2132,0.198357
73,9,9,63.6671,0.192632
73,9,10,65.4446,0.194118
73,10,1,62.7878,0.194828
73,10,2,64.5562,0.19873
73,10,3,64.5403,0.197577
73,10,4,62.777,0.203567
73,10,5,61.8945,0.209916
73,10,6,66.3195,0.196307
73,10,7,63.4669,0.199707
73,10,8,66.3216,0.196672
73,10,9,65.4326,0.189766
73,10,10,66.3196,0.19234
85,1,1,65.4368,0.161214
85,1,2,65.4016,0.182499
85,1,3,65.4337,0.202411
85,1,4,65.437,0.216624
85,1,5,63.6777,0.221582
85,1,6,64.5595,0.221412
85,1,7,65.4381,0.227901
85,1,8,64.5477,0.247211
85,1,9,62.7837,0.250044
85,1,10,65.4342,0.254315
85,2,1,68.088,0.176367
85,2,2,64.5484,0.176623
85,2,3,65.4338,0.198933
85,2,4,65.2204,0.216413
85,2,5,64.5581,0.221712
85,2,6,62.7974,0.234241
85,2,7,64.5637,0.243267
85,2,8,63.6639,0.244045
85,2,9,61.8931,0.266616
85,2,10,61.0118,0.26853
85,3,1,66.322,0.185638
85,3,2,66.3207,0.184788
85,3,3,64.5483,0.186146
85,3,4,66.3198,0.206366
85,3,5,62.7443,0.227579
85,3,6,63.6775,0.226417
85,3,7,65.9213,0.239113
85,3,8,61.9086,0.25641
85,3,9,63.6686,0.240175
85,3,10,64.5459,0.241103
85,4,1,64.5571,0.18665
85,4,2,65.4323,0.195783
85,4,3,64.5512,0.194088
85,4,4,65.4395,0.192938
85,4,5,66.3211,0.206404
85,4,6,62.7886,0.217492
85,4,7,62.7852,0.238387
85,4,8,66.3381,0.22146
85,4,9,64.5668,0.218332
85,4,10,62.7856,0.224616
85,5,1,65.4345,0.194834
85,5,2,59.2418,0.202161
85,5,3,66.3196,0.195492
85,5,4,65.4364,0.207339
85,5,5,66.3143,0.200925
85,5,6,63.667,0.207127
85,5,7,65.4325,0.219733
85,5,8,64.5517,0.222564
85,5,9,66.3252,0.225382
85,5,10,65.4348,0.224549
85,6,1,62.7535,0.199742
85,6,2,64.5482,0.206922
85,6,3,65.4379,0.195803
85,6,4,63.6142,0.20713
85,6,5,63.6635,0.194091
85,6,6,66.3295,0.194868
85,6,7,61.899,0.212318
85,6,8,63.6652,0.219857
85,6,9,64.5534,0.214804
85,6,10,65.4429,0.222437
85,7,1,64.5412,0.21055
85,7,2,62.7818,0.20912
85,7,3,63.6633,0.19887
85,7,4,66.3182,0.195563
85,7,5,64.5509,0.201232
85,7,6,65.4299,0.200348
85,7,7,64.5511,0.197746
85,7,8,61.8879,0.205216
85,7,9,63.6704,0.215308
85,7,10,61.8965,0.221061
85,8,1,65.4411,0.196604
85,8,2,66.3183,0.20497
85,8,3,58.3596,0.206971
85,8,4,66.3208,0.200106
85,8,5,59.2469,0.200507
85,8,6,63.6647,0.198114
85,8,7,65.4337,0.190875
85,8,8,65.4316,0.193453
85,8,9,64.5443,0.197487
85,8,10,64.5518,0.206789
85,9,1,65.431,0.187989
85,9,2,62.7864,0.192187
85,9,3,63.6615,0.207637
85,9,4,53.9431,0.237275
85,9,5,61.8976,0.202818
85,9,6,60.1304,0.199485
85,9,7,65.4341,0.190447
85,9,8,65.433,0.189289
85,9,9,65.4338,0.186343
85,9,10,66.3232,0.192275
85,10,1,64.5512,0.182332
85,10,2,65.435,0.19083
85,10,3,64.5498,0.195492
85,10,4,58.3637,0.21638
85,10,5,64.551,0.195739
85,10,6,61.8983,0.199866
85,10,7,64.5523,0.189655
85,10,8,64.1987,0.188594
85,10,9,65.4312,0.184931
85,10,10,65.4351,0.184099
97,1,1,64.5522,0.155335
97,1,2,66.3163,0.175583
97,1,3,65.4372,0.193563
97,1,4,64.5579,0.199133
97,1,5,67.2187,0.205911
97,1,6,64.5575,0.209317
97,1,7,63.667,0.21026
97,1,8,62.7837,0.222651
97,1,9,61.9013,0.218687
97,1,10,61.0174,0.228615
97,2,1,65.4371,0.168112
97,2,2,67.2158,0.16956
97,2,3,64.5506,0.190518
97,2,4,64.5519,0.213865
97,2,5,65.4448,0.213853
97,2,6,62.7933,0.232654
97,2,7,61.9023,0.243529
97,2,8,66.3276,0.240758
97,2,9,61.9018,0.222388
97,2,10,64.5527,0.225266
97,3,1,65.4373,0.180592
97,3,2,66.3222,0.179707
97,3,3,65.4369,0.177729
97,3,4,66.3185,0.203373
97,3,5,67.2067,0.213675
97,3,6,67.2057,0.222726
97,3,7,65.437,0.241567
97,3,8,68.0988,0.249553
97,3,9,64.5544,0.242922
97,3,10,66.3207,0.238115
97,4,1,65.4352,0.18474
97,4,2,65.4359,0.187648
97,4,3,65.4334,0.186663
97,4,4,66.3207,0.18962
97,4,5,64.5517,0.200184
97,4,6,64.5395,0.212698
97,4,7,66.3186,0.224634
97,4,8,63.6646,0.235054
97,4,9,64.5468,0.231681
97,4,10,63.6705,0.233293
97,5,1,66.2931,0.192862
97,5,2,66.3194,0.192262
97,5,3,65.4388,0.191652
97,5,4,62.779,0.194542
97,5,5,65.4315,0.190393
97,5,6,63.6658,0.203037
97,5,7,64.5559,0.215193
97,5,8,65.4369,0.219358
97,5,9,63.6679,0.213304
97,5,10,62.7847,0.218282
97,6,1,64.5621,0.199767
97,6,2,61.0173,0.202578
97,6,3,65.4362,0.191555
97,6,4,65.4365,0.193586
97,6,5,65.4349,0.191402
97,6,6,67.2149,0.191405
97,6,7,65.4426,0.201559
97,6,8,62.7829,0.207157
97,6,9,65.4267,0.207858
97,6,10,63.6692,0.208954
97,7,1,65.4441,0.192098
97,7,2,67.2055,0.201333
97,7,3,63.673,0.198856
97,7,4,64.5552,0.196895
97,7,5,64.5482,0.189419
97,7,6,65.4295,0.190076
97,7,7,66.3203,0.192741
97,7,8,63.6678,0.199165
97,7,9,62.7825,0.201563
97,7,10,63.6711,0.203923
97,8,1,66.3196,0.191607
97,8,2,67.221,0.209589
97,8,3,64.5637,0.203523
97,8,4,66.3242,0.197387
97,8,5,65.4309,0.192649
97,8,6,65.4341,0.191675
97,8,7,65.4324,0.191273
97,8,8,65.4332,0.190306
97,8,9,63.6679,0.193291
97,8,10,64.55,0.197421
97,9,1,63.6707,0.193759
97,9,2,62.7919,0.193832
97,9,3,61.9019,0.20541
97,9,4,60.1405,0.229083
97,9,5,61.9032,0.203545
97,9,6,61.0144,0.202237
97,9,7,65.4354,0.190888
97,9,8,64.5469,0.188679
97,9,9,65.4367,0.184638
97,9,10,66.3244,0.189884
97,10,1,61.018,0.192249
97,10,2,64.5524,0.201476
97,10,3,63.677,0.208395
97,10,4,65.4474,0.215365
97,10,5,65.4008,0.199091
97,10,6,61.9024,0.196014
97,10,7,66.3175,0.190537
97,10,8,64.5467,0.187006
97,10,9,64.5522,0.182252
97,10,10,64.5495,0.182073
109,1,1,64.5471,0.157797
109,1,2,64.553,0.174852
109,1,3,67.2057,0.185134
109,1,4,66.3194,0.198604
109,1,5,64.5524,0.201071
109,1,6,63.6688,0.202349
109,1,7,64.5543,0.204951
109,1,8,65.4359,0.208015
109,1,9,65.4377,0.202179
109,1,10,65.4457,0.199411
109,2,1,64.55,0.167353
109,2,2,65.4322,0.170951
109,2,3,66.3242,0.194108
109,2,4,64.5546,0.207591
109,2,5,65.4337,0.210959
109,2,6,67.1975,0.221682
109,2,7,62.7825,0.216953
109,2,8,64.5546,0.222612
109,2,9,65.4405,0.223466
109,2,10,66.327,0.214039
109,3,1,65.4395,0.178557
109,3,2,64.5515,0.179106
109,3,3,65.4364,0.180817
109,3,4,65.44,0.198461
109,3,5,65.4344,0.207686
109,3,6,65.4373,0.213011
109,3,7,64.5493,0.21776
109,3,8,65.4387,0.219328
109,3,9,64.5527,0.217521
109,3,10,65.441,0.216492
109,4,1,65.4413,0.187505
109,4,2,63.6699,0.187148
109,4,3,64.5529,0.188286
109,4,4,64.551,0.191652
109,4,5,65.435,0.199583
109,4,6,63.6638,0.210041
109,4,7,63.6616,0.213115
109,4,8,64.5526,0.217504
109,4,9,65.4388,0.213425
109,4,10,62.7828,0.214251
109,5,1,65.4376,0.19234
109,5,2,64.5384,0.188296
109,5,3,63.6699,0.190985
109,5,4,64.5501,0.19187
109,5,5,64.5538,0.194465
109,5,6,64.5518,0.200106
109,5,7,61.8992,0.209
109,5,8,60.1301,0.21498
109,5,9,68.9766,0.212175
109,5,10,65.4383,0.210793
109,6,1,64.5591,0.185642
109,6,2,61.904,0.201552
109,6,3,65.4289,0.193868
109,6,4,66.3195,0.193593
109,6,5,64.5498,0.188862
109,6,6,65.4354,0.190309
109,6,7,62.7794,0.201728
109,6,8,63.666,0.205309
109,6,9,61.9037,0.203739
109,6,10,64.5578,0.207499
109,7,1,64.5663,0.19047
109,7,2,64.5547,0.201491
109,7,3,63.676,0.192619
109,7,4,62.7845,0.191247
109,7,5,66.3216,0.188472
109,7,6,65.436,0.187266
109,7,7,65.4347,0.190104
109,7,8,64.5533,0.196977
109,7,9,66.3218,0.1988
109,7,10,64.5562,0.201032
109,8,1,65.4481,0.191701
109,8,2,64.5598,0.195512
109,8,3,61.9035,0.204251
109,8,4,64.5607,0.203117
109,8,5,62.7876,0.194516
109,8,6,62.7817,0.195885
109,8,7,63.669,0.192652
109,8,8,67.2099,0.188512
109,8,9,61.8968,0.19826
109,8,10,61.9018,0.197853
109,9,1,62.7849,0.197098
109,9,2,59.2557,0.212642
109,9,3,60.1338,0.217149
109,9,4,61.026,0.217224
109,9,5,65.437,0.192682
109,9,6,63.6664,0.197197
109,9,7,61.9059,0.19352
109,9,8,65.4115,0.187133
109,9,9,65.4341,0.18461
109,9,10,66.3252,0.194952
109,10,1,61.0156,0.195053
109,10,2,62.8021,0.192823
109,10,3,59.2473,0.214792
109,10,4,64.5518,0.206804
109,10,5,63.6679,0.2008
109,10,6,66.3229,0.198545
109,10,7,66.3195,0.187571
109,10,8,64.5535,0.187157
109,10,9,64.553,0.183034
109,10,10,65.4309,0.183558
121,1,1,64.5568,0.156916
121,1,2,65.444,0.170473
121,1,3,65.4375,0.185837
121,1,4,67.2061,0.196273
121,1,5,66.3239,0.196693
121,1,6,65.4403,0.199182
121,1,7,65.4382,0.204277
121,1,8,65.4411,0.20777
121,1,9,65.4426,0.199035
121,1,10,64.5609,0.198741
121,2,1,64.557,0.166699
121,2,2,65.442,0.170309
121,2,3,64.5598,0.192922
121,2,4,66.3264,0.204558
121,2,5,64.558,0.20748
121,2,6,64.5561,0.21514
121,2,7,65.4436,0.214637
121,2,8,63.6742,0.219934
121,2,9,64.5592,0.220084
121,2,10,63.6742,0.209504
121,3,1,65.4391,0.179493
121,3,2,64.5561,0.178523
121,3,3,64.553,0.179439
121,3,4,63.6736,0.19827
121,3,5,64.5538,0.206415
121,3,6,65.439,0.209675
121,3,7,66.3225,0.21523
121,3,8,61.0075,0.216376
121,3,9,66.3149,0.214996
121,3,10,65.4426,0.213498
121,4,1,64.5608,0.184819
121,4,2,64.5606,0.18777
121,4,3,61.0128,0.187427
121,4,4,65.4402,0.191626
121,4,5,62.7867,0.200982
121,4,6,64.551,0.208314
121,4,7,64.5494,0.211587
121,4,8,65.4384,0.214645
121,4,9,67.2109,0.211547
121,4,10,65.3981,0.212686
121,5,1,65.4469,0.194372
121,5,2,64.5533,0.187515
121,5,3,65.4403,0.191581
121,5,4,66.3241,0.194285
121,5,5,66.3236,0.195127
121,5,6,64.5557,0.20424
121,5,7,63.67,0.207965
121,5,8,64.5524,0.213003
121,5,9,66.3263,0.210974
121,5,10,61.9024,0.210338
121,6,1,64.5645,0.18603
121,6,2,60.1399,0.206888
121,6,3,66.3225,0.191867
121,6,4,62.7743,0.196007
121,6,5,64.5557,0.191182
121,6,6,65.4414,0.190936
121,6,7,65.4376,0.204851
121,6,8,63.6694,0.206344
121,6,9,64.5558,0.202814
121,6,10,64.5515,0.209862
121,7,1,65.4502,0.19309
121,7,2,65.4446,0.204877
121,7,3,65.4495,0.195201
121,7,4,63.6725,0.194865
121,7,5,62.7871,0.189973
121,7,6,65.371,0.191033
121,7,7,65.4401,0.19203
121,7,8,63.6716,0.198159
121,7,9,64.5544,0.199834
121,7,10,68.0971,0.201847
121,8,1,65.4426,0.192232
121,8,2,63.6814,0.195674
121,8,3,64.5633,0.206182
121,8,4,68.0968,0.210774
121,8,5,63.6743,0.200383
121,8,6,67.2051,0.203424
121,8,7,67.2141,0.195742
121,8,8,65.4432,0.189365
121,8,9,63.6747,0.194245
121,8,10,65.444,0.201157
121,9,1,61.9087,0.19646
121,9,2,59.2602,0.21114
121,9,3,63.6803,0.219009
121,9,4,62.7603,0.21555
121,9,5,68.9869,0.193453
121,9,6,61.0143,0.194345
121,9,7,66.317,0.195434
121,9,8,63.6694,0.190297
121,9,9,65.4397,0.186897
121,9,10,62.7884,0.195434
121,10,1,66.3409,0.192308
121,10,2,62.8048,0.19254
121,10,3,66.3299,0.212738
121,10,4,63.6776,0.204758
121,10,5,64.5602,0.20106
121,10,6,63.6694,0.199859
121,10,7,65.4299,0.187836
121,10,8,64.5541,0.188607
121,10,9,65.4374,0.183835
121,10,10,64.5371,0.18446
133,1,1,65.4449,0.155243
133,1,2,65.4395,0.171222
133,1,3,66.3268,0.185587
133,1,4,66.3267,0.193093
133,1,5,65.4406,0.198856
133,1,6,65.4325,0.201415
133,1,7,63.6756,0.207625
133,1,8,64.563,0.202273
133,1,9,62.7912,0.196624
133,1,10,66.333,0.193892
133,2,1,64.5611,0.163825
133,2,2,65.4394,0.168493
133,2,3,64.5587,0.188692
133,2,4,65.4446,0.201624
133,2,5,66.3255,0.208172
133,2,6,68.0971,0.212662
133,2,7,64.5601,0.215805
133,2,8,63.6741,0.217458
133,2,9,67.2145,0.220449
133,2,10,64.5589,0.212834
133,3,1,65.4532,0.173329
133,3,2,65.4451,0.17728
133,3,3,66.328,0.179081
133,3,4,65.4455,0.19886
133,3,5,65.4432,0.207698
133,3,6,66.3241,0.21378
133,3,7,63.6674,0.215283
133,3,8,64.5576,0.218366
133,3,9,66.3301,0.213704
133,3,10,64.5616,0.213788
133,4,1,64.564,0.176905
133,4,2,64.5639,0.184009
133,4,3,62.7904,0.188673
133,4,4,65.4445,0.189017
133,4,5,66.325,0.202785
133,4,6,65.4401,0.211468
133,4,7,61.9014,0.218041
133,4,8,64.5592,0.217601
133,4,9,66.3332,0.215983
133,4,10,65.4451,0.215189
133,5,1,65.4495,0.191208
133,5,2,62.7944,0.191854
133,5,3,63.675,0.190717
133,5,4,63.6669,0.188897
133,5,5,64.5558,0.188541
133,5,6,69.8526,0.204473
133,5,7,65.4418,0.207579
133,5,8,64.5558,0.208869
133,5,9,65.4367,0.209496
133,5,10,65.442,0.20808
133,6,1,63.6841,0.185419
133,6,2,64.5659,0.199661
133,6,3,64.5619,0.200032
133,6,4,63.6785,0.197249
133,6,5,65.4423,0.189702
133,6,6,65.443,0.192678
133,6,7,64.557,0.20167
133,6,8,64.5571,0.208981
133,6,9,63.6708,0.203413
133,6,10,65.4443,0.206937
133,7,1,63.6761,0.186453
133,7,2,65.4554,0.196157
133,7,3,64.4757,0.195262
133,7,4,64.5618,0.196167
133,7,5,68.0908,0.196967
133,7,6,68.9827,0.197649
133,7,7,68.9828,0.195221
133,7,8,65.441,0.199291
133,7,9,65.443,0.199309
133,7,10,65.4453,0.199537
133,8,1,63.6837,0.185279
133,8,2,64.5692,0.192557
133,8,3,64.5514,0.217333
133,8,4,63.6489,0.20957
133,8,5,64.555,0.190833
133,8,6,65.4406,0.188525
133,8,7,65.4407,0.192154
133,8,8,64.5641,0.188355
133,8,9,64.5612,0.190975
133,8,10,64.5456,0.196147
133,9,1,66.3381,0.187496
133,9,2,68.1144,0.195966
133,9,3,62.7988,0.210978
133,9,4,65.4449,0.218857
133,9,5,62.7866,0.192445
133,9,6,65.4424,0.187431
133,9,7,63.6728,0.186811
133,9,8,64.5605,0.184213
133,9,9,64.5654,0.183877
133,9,10,65.4491,0.187701
133,10,1,65.4489,0.186435
133,10,2,63.6822,0.19148
133,10,3,65.4584,0.206163
133,10,4,62.8001,0.211274
133,10,5,66.3298,0.202378
133,10,6,67.2113,0.19073
133,10,7,65.4428,0.188597
133,10,8,67.2125,0.186879
133,10,9,66.3187,0.180163
133,10,10,63.6739,0.18065
145,1,1,64.565,0.152661
145,1,2,65.4484,0.168868
145,1,3,64.558,0.183743
145,1,4,63.6695,0.193659
145,1,5,64.5596,0.198699
145,1,6,65.441,0.20231
145,1,7,64.5597,0.204259
145,1,8,66.3363,0.202161
145,1,9,64.5643,0.198148
145,1,10,65.449,0.195387
145,2,1,65.4509,0.161727
145,2,2,64.5585,0.167492
145,2,3,65.4439,0.185276
145,2,4,64.5621,0.199042
145,2,5,61.9107,0.209612
145,2,6,65.4454,0.209885
145,2,7,66.3345,0.212278
145,2,8,65.443,0.217045
145,2,9,67.2124,0.221057
145,2,10,66.3338,0.211472
145,3,1,65.4516,0.172214
145,3,2,66.3368,0.174358
145,3,3,65.4441,0.17613
145,3,4,63.6765,0.194586
145,3,5,65.445,0.204421
145,3,6,64.5536,0.213687
145,3,7,64.5587,0.213385
145,3,8,65.4496,0.219039
145,3,9,64.5598,0.21436
145,3,10,66.3335,0.214788
145,4,1,65.452,0.176795
145,4,2,64.5644,0.182679
145,4,3,65.4485,0.185361
145,4,4,66.327,0.186066
145,4,5,65.4428,0.199569
145,4,6,66.327,0.208195
145,4,7,64.5576,0.214764
145,4,8,63.6772,0.219605
145,4,9,63.6741,0.20994
145,4,10,65.4486,0.212163
145,5,1,63.6808,0.192419
145,5,2,65.4477,0.191952
145,5,3,64.5622,0.190524
145,5,4,65.4503,0.187136
145,5,5,65.4434,0.187954
145,5,6,64.5618,0.203351
145,5,7,65.4446,0.205417
145,5,8,64.5608,0.208668
145,5,9,67.2154,0.208264
145,5,10,66.3293,0.207621
145,6,1,65.4547,0.185343
145,6,2,63.6851,0.200689
145,6,3,66.334,0.196683
145,6,4,64.5595,0.19513
145,6,5,65.4458,0.189852
145,6,6,65.4416,0.19065
145,6,7,63.6753,0.20071
145,6,8,63.6768,0.210084
145,6,9,64.5556,0.204447
145,6,10,66.3312,0.206155
145,7,1,63.6798,0.184466
145,7,2,63.6901,0.194613
145,7,3,64.567,0.196095
145,7,4,61.0199,0.197211
145,7,5,59.2571,0.205056
145,7,6,62.7923,0.198218
145,7,7,61.9026,0.196058
145,7,8,64.5588,0.197999
145,7,9,62.7918,0.199618
145,7,10,63.6826,0.200739
145,8,1,66.3435,0.184381
145,8,2,63.6853,0.194902
145,8,3,66.3334,0.214637
145,8,4,64.5636,0.210334
145,8,5,65.4508,0.193553
145,8,6,65.4429,0.190502
145,8,7,64.5591,0.190895
145,8,8,65.4503,0.190766
145,8,9,65.4507,0.192974
145,8,10,65.4232,0.197036
145,9,1,65.4625,0.188616
145,9,2,68.1115,0.197663
145,9,3,66.3376,0.210432
145,9,4,64.5664,0.218332
145,9,5,63.6773,0.19469
145,9,6,66.3301,0.188064
145,9,7,64.5607,0.188951
145,9,8,64.5659,0.186524
145,9,9,65.4493,0.184598
145,9,10,67.2215,0.189232
145,10,1,66.3366,0.186672
145,10,2,64.5707,0.194205
145,10,3,64.572,0.205279
145,10,4,68.9905,0.215645
145,10,5,63.6741,0.205417
145,10,6,66.3287,0.19162
145,10,7,65.4444,0.18812
145,10,8,62.7936,0.185938
145,10,9,65.4498,0.182088
145,10,10,65.4481,0.182614
157,1,1,65.4539,0.153372
157,1,2,61.9111,0.171837
157,1,3,62.7987,0.184399
157,1,4,66.332,0.192154
157,1,5,65.417,0.20189
157,1,6,66.3379,0.202523
157,1,7,64.5668,0.20614
157,1,8,65.4516,0.202154
157,1,9,66.3365,0.198881
157,1,10,65.4512,0.194677
157,2,1,65.4532,0.164366
157,2,2,64.5677,0.167621
157,2,3,65.4482,0.187487
157,2,4,64.565,0.199908
157,2,5,64.5643,0.207271
157,2,6,66.3331,0.211381
157,2,7,67.2198,0.214381
157,2,8,68.0921,0.219426
157,2,9,67.2175,0.219379
157,2,10,67.2232,0.210111
157,3,1,65.4558,0.173619
157,3,2,63.677,0.177327
157,3,3,67.2235,0.179636
157,3,4,67.2224,0.199597
157,3,5,62.7937,0.205889
157,3,6,65.4441,0.211385
157,3,7,65.4465,0.216107
157,3,8,67.2159,0.218168
157,3,9,67.2207,0.216111
157,3,10,66.3338,0.214755
157,4,1,65.4563,0.178504
157,4,2,66.3199,0.183439
157,4,3,67.2191,0.188249
157,4,4,67.2187,0.191056
157,4,5,63.6787,0.205855
157,4,6,64.5604,0.210229
157,4,7,63.6665,0.215764
157,4,8,64.5663,0.22104
157,4,9,63.6805,0.213619
157,4,10,65.4513,0.213615
157,5,1,65.4833,0.192141
157,5,2,64.5663,0.195228
157,5,3,65.4487,0.192701
157,5,4,67.2019,0.190047
157,5,5,63.6829,0.188988
157,5,6,63.6779,0.20593
157,5,7,63.6788,0.207618
157,5,8,63.6798,0.209275
157,5,9,65.4429,0.20818
157,5,10,65.4446,0.208552
157,6,1,64.5724,0.186195
157,6,2,66.34,0.202248
157,6,3,65.4505,0.199
157,6,4,64.5692,0.19828
157,6,5,64.5643,0.192098
157,6,6,65.4486,0.193324
157,6,7,65.4482,0.206721
157,6,8,62.7954,0.212506
157,6,9,63.6783,0.206608
157,6,10,67.2127,0.209093
157,7,1,61.0307,0.18855
157,7,2,66.3432,0.197115
157,7,3,67.2257,0.200163
157,7,4,65.4471,0.199361
157,7,5,68.1029,0.20399
157,7,6,65.4495,0.202255
157,7,7,64.5643,0.199597
157,7,8,66.1987,0.20054
157,7,9,65.4469,0.197187
157,7,10,66.3282,0.20143
157,8,1,65.4547,0.185767
157,8,2,64.5748,0.194965
157,8,3,62.8002,0.21784
157,8,4,66.3385,0.213019
157,8,5,64.5482,0.198009
157,8,6,65.4423,0.193702
157,8,7,65.4419,0.195373
157,8,8,63.6837,0.191919
157,8,9,66.3358,0.195987
157,8,10,65.4484,0.200525
157,9,1,63.6818,0.189159
157,9,2,66.3459,0.198472
157,9,3,67.2304,0.218341
157,9,4,61.0267,0.225135
157,9,5,63.6811,0.197383
157,9,6,65.4535,0.194292
157,9,7,62.7942,0.192596
157,9,8,64.5626,0.18941
157,9,9,63.679,0.188717
157,9,10,64.547,0.192347
157,10,1,65.4494,0.188815
157,10,2,64.5735,0.194583
157,10,3,65.4564,0.211567
157,10,4,62.8032,0.216016
157,10,5,63.6808,0.209
157,10,6,65.4494,0.195627
157,10,7,65.4501,0.191821
157,10,8,65.4444,0.189623
157,10,9,64.5621,0.184162
157,10,10,66.3319,0.185015
169,1,1,65.4556,0.150368
169,1,2,67.2227,0.166198
169,1,3,65.4559,0.181976
169,1,4,63.6782,0.18891
169,1,5,65.4492,0.193672
169,1,6,67.2199,0.198783
169,1,7,65.4509,0.200689
169,1,8,66.3384,0.201541
169,1,9,67.2206,0.195766
169,1,10,63.6834,0.192481
169,2,1,64.5759,0.163664
169,2,2,62.8029,0.167286
169,2,3,66.3367,0.188161
169,2,4,65.4466,0.199982
169,2,5,62.7961,0.201351
169,2,6,63.6805,0.207709
169,2,7,65.4398,0.209008
169,2,8,66.3148,0.212338
169,2,9,67.2179,0.207381
169,2,10,68.1031,0.206125
169,3,1,65.4569,0.172083
169,3,2,65.4583,0.175673
169,3,3,65.4587,0.176295
169,3,4,66.3014,0.196406
169,3,5,66.334,0.203409
169,3,6,67.2224,0.210295
169,3,7,65.4457,0.211801
169,3,8,66.334,0.212786
169,3,9,65.4507,0.212179
169,3,10,67.2012,0.210068
169,4,1,65.4594,0.179476
169,4,2,65.4607,0.183928
169,4,3,65.4557,0.182978
169,4,4,65.4457,0.183707
169,4,5,62.7945,0.198563
169,4,6,64.5663,0.206865
169,4,7,65.4497,0.210848
169,4,8,66.3346,0.212546
169,4,9,64.5639,0.210041
169,4,10,64.5679,0.209679
169,5,1,65.4619,0.184234
169,5,2,66.3452,0.192196
169,5,3,64.4093,0.192498
169,5,4,64.5747,0.193699
169,5,5,65.4551,0.187914
169,5,6,67.2227,0.201028
169,5,7,67.2227,0.205615
169,5,8,64.5676,0.208095
169,5,9,64.5692,0.207416
169,5,10,65.4489,0.206751
169,6,1,63.6916,0.186079
169,6,2,65.4582,0.193735
169,6,3,64.5759,0.199021
169,6,4,66.3388,0.198916
169,6,5,65.453,0.197036
169,6,6,65.4507,0.190505
169,6,7,64.5649,0.20256
169,6,8,64.5525,0.205975
169,6,9,65.4527,0.206574
169,6,10,67.2163,0.205731
169,7,1,64.5814,0.204451
169,7,2,63.6893,0.213574
169,7,3,65.4565,0.224509
169,7,4,64.5636,0.230363
169,7,5,64.5712,0.211884
169,7,6,64.5702,0.194181
169,7,7,65.4556,0.198517
169,7,8,66.3414,0.200181
169,7,9,65.457,0.203248
169,7,10,63.6831,0.203541
169,8,1,66.3474,0.211361
169,8,2,63.6904,0.219814
169,8,3,64.5733,0.231823
169,8,4,59.258,0.247249
169,8,5,66.3374,0.221014
169,8,6,62.7917,0.216824
169,8,7,68.0823,0.214911
169,8,8,68.9939,0.214385
169,8,9,64.5733,0.198016
169,8,10,67.2193,0.200493
169,9,1,66.3523,0.217546
169,9,2,64.5745,0.223882
169,9,3,65.4603,0.22826
169,9,4,65.4381,0.233785
169,9,5,67.2154,0.219205
169,9,6,65.4455,0.203519
169,9,7,66.3404,0.199266
169,9,8,64.5628,0.195013
169,9,9,62.7995,0.189071
169,9,10,61.9146,0.194228
169,10,1,60.1476,0.222476
169,10,2,65.4609,0.233756
169,10,3,64.5767,0.230895
169,10,4,68.112,0.237395
169,10,5,67.2228,0.23097
169,10,6,62.7795,0.216165
169,10,7,66.3362,0.228011
169,10,8,65.4566,0.197853
169,10,9,67.2165,0.196109
169,10,10,68.1053,0.191179
181,1,1,65.4602,0.148321
181,1,2,66.3418,0.166593
181,1,3,66.3403,0.179739
181,1,4,67.2237,0.187322
181,1,5,64.5666,0.189505
181,1,6,65.4518,0.193341
181,1,7,65.457,0.195302
181,1,8,65.4568,0.196014
181,1,9,63.6845,0.193199
181,1,10,64.5689,0.190685
181,2,1,65.4624,0.161194
181,2,2,63.691,0.163302
181,2,3,65.4523,0.180739
181,2,4,65.4476,0.195997
181,2,5,63.6829,0.197982
181,2,6,64.5659,0.203281
181,2,7,64.5695,0.206295
181,2,8,66.3413,0.209897
181,2,9,65.4542,0.204992
181,2,10,64.5649,0.202887
181,3,1,65.4639,0.171449
181,3,2,65.4568,0.172973
181,3,3,65.4609,0.174058
181,3,4,65.4524,0.192922
181,3,5,65.455,0.203651
181,3,6,66.3422,0.208004
181,3,7,64.5652,0.211385
181,3,8,65.454,0.213063
181,3,9,65.4547,0.211468
181,3,10,65.4518,0.208433
181,4,1,65.4615,0.179394
181,4,2,64.5777,0.183537
181,4,3,66.345,0.182886
181,4,4,64.5759,0.18291
181,4,5,66.3217,0.203241
181,4,6,62.8006,0.204996
181,4,7,64.566,0.209792
181,4,8,66.3403,0.213007
181,4,9,66.3414,0.210139
181,4,10,64.5678,0.209445
181,5,1,65.4608,0.183486
181,5,2,64.5756,0.189788
181,5,3,65.4604,0.190762
181,5,4,63.6863,0.194445
181,5,5,64.5716,0.18934
181,5,6,66.3412,0.202975
181,5,7,66.3352,0.209302
181,5,8,63.6857,0.209403
181,5,9,66.3375,0.207736
181,5,10,64.564,0.207343
181,6,1,66.3424,0.186214
181,6,2,67.2251,0.193483
181,6,3,65.4584,0.199636
181,6,4,68.9957,0.204847
181,6,5,65.4573,0.195742
181,6,6,62.8005,0.192586
181,6,7,65.4522,0.205949
181,6,8,65.4507,0.207873
181,6,9,62.7976,0.205287
181,6,10,64.5685,0.206903
181,7,1,64.582,0.205754
181,7,2,65.462,0.212874
181,7,3,66.3473,0.223056
181,7,4,63.6839,0.229834
181,7,5,65.4584,0.210805
181,7,6,66.3436,0.196559
181,7,7,68.9993,0.213477
181,7,8,66.3445,0.203322
181,7,9,67.2303,0.21406
181,7,10,61.9186,0.205399
181,8,1,63.6938,0.210648
181,8,2,63.6921,0.219631
181,8,3,63.6795,0.230787
181,8,4,63.6878,0.247151
181,8,5,66.3381,0.216214
181,8,6,61.0216,0.211884
181,8,7,63.6879,0.217802
181,8,8,65.4553,0.213131
181,8,9,63.6851,0.198639
181,8,10,67.2268,0.201541
181,9,1,65.4646,0.219558
181,9,2,65.4621,0.226063
181,9,3,63.6898,0.228311
181,9,4,59.2677,0.229712
181,9,5,61.0291,0.220634
181,9,6,67.2152,0.203267
181,9,7,64.5724,0.201304
181,9,8,62.796,0.197332
181,9,9,66.3387,0.190656
181,9,10,61.0315,0.196075
181,10,1,64.5787,0.224902
181,10,2,61.9233,0.235948
181,10,3,65.4621,0.231595
181,10,4,63.6817,0.238749
181,10,5,64.2994,0.228043
181,10,6,61.0291,0.215185
181,10,7,63.6811,0.217488
181,10,8,64.5556,0.19508
181,10,9,63.6875,0.190537
181,10,10,65.4546,0.189686
193,1,1,65.4653,0.144863
193,1,2,65.4611,0.161898
193,1,3,63.6889,0.176397
193,1,4,66.3419,0.182053
193,1,5,61.0376,0.263274
193,1,6,68.1035,0.202436
193,1,7,66.3389,0.191886
193,1,8,66.3421,0.19462
193,1,9,65.4574,0.19014
193,1,10,65.4518,0.186204
193,2,1,66.3524,0.160152
193,2,2,65.4653,0.161509
193,2,3,65.4592,0.183251
193,2,4,65.4558,0.196802
193,2,5,64.5732,0.20276
193,2,6,64.5749,0.205395
193,2,7,65.4572,0.207534
193,2,8,63.6893,0.209217
193,2,9,65.4593,0.20468
193,2,10,65.4546,0.202687
193,3,1,65.4614,0.17184
193,3,2,66.3478,0.172532
193,3,3,64.5761,0.174925
193,3,4,66.3465,0.19114
193,3,5,66.3424,0.205653
193,3,6,67.2246,0.208395
193,3,7,63.6862,0.211223
193,3,8,65.4559,0.211333
193,3,9,65.456,0.20985
193,3,10,65.4543,0.207515
193,4,1,67.2375,0.181956
193,4,2,65.4617,0.188922
193,4,3,64.5787,0.183186
193,4,4,64.5739,0.189798
193,4,5,67.2278,0.204818
193,4,6,64.5725,0.207935
193,4,7,61.9168,0.21797
193,4,8,65.457,0.215226
193,4,9,66.3385,0.210719
193,4,10,63.6831,0.211254
193,5,1,64.5823,0.191043
193,5,2,66.3486,0.191373
193,5,3,66.348,0.199989
193,5,4,63.6876,0.191017
193,5,5,61.9231,0.195922
193,5,6,64.5748,0.205126
193,5,7,65.4586,0.209644
193,5,8,66.3354,0.212027
193,5,9,63.6856,0.207621
193,5,10,62.8002,0.208272
193,6,1,62.8117,0.20406
193,6,2,63.6927,0.221647
193,6,3,65.4608,0.211821
193,6,4,64.5756,0.206608
193,6,5,62.8042,0.207522
193,6,6,63.6844,0.209729
193,6,7,62.803,0.220299
193,6,8,61.9165,0.217626
193,6,9,63.6886,0.213075
193,6,10,64.5721,0.212127
193,7,1,62.8061,0.229717
193,7,2,65.4603,0.23926
193,7,3,66.3491,0.235893
193,7,4,61.0337,0.230697
193,7,5,66.3257,0.224002
193,7,6,64.5712,0.219162
193,7,7,62.7905,0.207438
193,7,8,67.2295,0.210088
193,7,9,63.6944,0.207165
193,7,10,64.5689,0.215777
193,8,1,63.6939,0.235333
193,8,2,63.6287,0.247753
193,8,3,64.5648,0.248439
193,8,4,71.6477,0.261199
193,8,5,64.574,0.238497
193,8,6,64.5758,0.22217
193,8,7,67.2267,0.219026
193,8,8,65.455,0.215694
193,8,9,65.4525,0.219789
193,8,10,67.2256,0.205033
193,9,1,65.4373,0.233804
193,9,2,68.104,0.242552
193,9,3,65.4475,0.24827
193,9,4,68.1113,0.243845
193,9,5,61.9133,0.240109
193,9,6,65.4409,0.225207
193,9,7,61.0358,0.317567
193,9,8,62.8022,0.268428
193,9,9,66.341,0.199305
193,9,10,67.2319,0.232549
193,10,1,34.5133,0
193,10,2,34.5133,0
193,10,3,63.6964,0.262072
193,10,4,34.5133,0
193,10,5,60.1461,0.247655
193,10,6,67.2273,0.240738
193,10,7,60.1422,0.241087
193,10,8,64.4043,0.238608
193,10,9,67.2312,0.231415
193,10,10,68.1149,0.229572
205,1,1,65.4685,0.146875
205,1,2,65.4572,0.160418
205,1,3,64.575,0.174176
205,1,4,64.5753,0.183991
205,1,5,65.4577,0.185858
205,1,6,63.6894,0.189353
205,1,7,64.5727,0.192383
205,1,8,64.5712,0.192504
205,1,9,65.4599,0.187068
205,1,10,65.4571,0.183692
205,2,1,66.3524,0.160715
205,2,2,65.4688,0.165767
205,2,3,64.5764,0.178416
205,2,4,61.9221,0.194322
205,2,5,65.4604,0.201057
205,2,6,64.5754,0.20075
205,2,7,64.574,0.203424
205,2,8,64.5776,0.206975
205,2,9,64.576,0.202433
205,2,10,64.5744,0.199284
205,3,1,66.3518,0.183305
205,3,2,67.2366,0.180131
205,3,3,65.4673,0.183698
205,3,4,64.5779,0.202534
205,3,5,64.5753,0.216816
205,3,6,63.6935,0.209073
205,3,7,66.3423,0.212754
205,3,8,64.5755,0.209422
205,3,9,63.6872,0.206967
205,3,10,64.5544,0.205473
205,4,1,66.3548,0.184237
205,4,2,66.3539,0.189728
205,4,3,65.4643,0.193908
205,4,4,66.349,0.19738
205,4,5,66.3477,0.221878
205,4,6,66.3493,0.210872
205,4,7,65.4584,0.211345
205,4,8,66.3419,0.212199
205,4,9,64.5717,0.208153
205,4,10,65.4568,0.207877
205,5,1,63.6991,0.21802
205,5,2,65.4666,0.206782
205,5,3,64.5786,0.219396
205,5,4,65.465,0.213232
205,5,5,64.5799,0.216305
205,5,6,65.456,0.217865
205,5,7,63.6907,0.216857
205,5,8,67.2288,0.216007
205,5,9,64.5675,0.213393
205,5,10,65.4578,0.212087
205,6,1,66.3487,0.23297
205,6,2,64.5808,0.236155
205,6,3,63.695,0.227827
205,6,4,61.9216,0.23655
205,6,5,65.4622,0.225851
205,6,6,62.8036,0.2028
205,6,7,63.6953,0.209236
205,6,8,65.4614,0.217433
205,6,9,64.5501,0.209815
205,6,10,66.3425,0.210672
205,7,1,62.8061,0.245658
205,7,2,61.0368,0.252469
205,7,3,64.5757,0.255465
205,7,4,62.8079,0.250354
205,7,5,64.5428,0.244531
205,7,6,60.1476,0.244462
205,7,7,62.7467,0.244679
205,7,8,62.8021,0.257233
205,7,9,62.7993,0.239417
205,7,10,63.6867,0.234226
205,8,1,65.4625,0.247319
205,8,2,34.5133,0
205,8,3,59.2513,0.260243
205,8,4,65.4633,0.270523
205,8,5,64.5437,0.253682
205,8,6,61.9161,0.247829
205,8,7,60.1387,0.244483
205,8,8,63.6923,0.241603
205,8,9,65.4576,0.246032
205,8,10,65.4604,0.235559
205,9,1,34.5133,0
205,9,2,60.1545,0.258889
205,9,3,76.049,0.257227
205,9,4,62.7981,0.258866
205,9,5,68.1129,0.251637
205,9,6,57.492,0.247959
205,9,7,62.7877,0.248888
205,9,8,61.9164,0.242302
205,9,9,62.8049,0.237141
205,9,10,64.558,0.248259
205,10,1,34.5133,0
205,10,2,34.5133,0
205,10,3,34.5133,0
205,10,4,34.5133,0
205,10,5,61.91,0.268619
205,10,6,60.134,0.280091
205,10,7,59.2682,0.268664
205,10,8,71.641,0.250704
205,10,9,63.6857,0.243676
205,10,10,66.3445,0.237176
217,1,1,65.4702,0.152043
217,1,2,65.4662,0.166522
217,1,3,68.1222,0.178973
217,1,4,66.3538,0.181186
217,1,5,65.4596,0.193268
217,1,6,65.4599,0.190309
217,1,7,65.4588,0.19716
217,1,8,64.5739,0.18914
217,1,9,66.3325,0.18403
217,1,10,66.342,0.18043
217,2,1,65.4574,0.168881
217,2,2,64.5839,0.175627
217,2,3,64.5834,0.187409
217,2,4,66.3515,0.201681
217,2,5,66.3518,0.199284
217,2,6,66.3477,0.208203
217,2,7,67.2256,0.205645
217,2,8,61.0363,0.207435
217,2,9,64.5774,0.20206
217,2,10,66.3445,0.198685
217,3,1,64.5809,0.186214
217,3,2,65.4688,0.185437
217,3,3,63.6958,0.1808
217,3,4,64.5788,0.205391
217,3,5,63.6852,0.209012
217,3,6,63.6917,0.209085
217,3,7,66.3471,0.210225
217,3,8,68.1134,0.209457
217,3,9,64.5743,0.208053
217,3,10,64.572,0.20538
217,4,1,64.5828,0.210711
217,4,2,65.4655,0.217869
217,4,3,63.6944,0.217237
217,4,4,64.58,0.219755
217,4,5,65.4568,0.232228
217,4,6,66.3298,0.226571
217,4,7,66.3428,0.234153
217,4,8,62.7985,0.228935
217,4,9,65.4624,0.211797
217,4,10,63.6885,0.218831
217,5,1,63.6975,0.233771
217,5,2,61.0436,0.236704
217,5,3,67.2376,0.231885
217,5,4,65.4657,0.225598
217,5,5,63.6931,0.227035
217,5,6,66.3476,0.238774
217,5,7,66.3458,0.226903
217,5,8,66.3483,0.223882
217,5,9,64.5783,0.21727
217,5,10,68.1131,0.217308
217,6,1,65.4568,0.253551
217,6,2,66.3485,0.246386
217,6,3,66.3509,0.248806
217,6,4,61.0424,0.3051
217,6,5,64.579,0.297799
217,6,6,63.6929,0.283357
217,6,7,61.925,0.294808
217,6,8,65.4604,0.256771
217,6,9,65.4619,0.227575
217,6,10,62.8043,0.222801
217,7,1,81.3519,0.2594
217,7,2,65.4618,0.267804
217,7,3,59.2598,0.267266
217,7,4,61.0396,0.265539
217,7,5,53.0743,0.45117
217,7,6,49.541,0.404612
217,7,7,54.8496,0.455535
217,7,8,62.8085,0.265826
217,7,9,65.4573,0.254688
217,7,10,65.4574,0.25989
217,8,1,63.6945,0.263508
217,8,2,69.8743,0.27382
217,8,3,73.4097,0.270626
217,8,4,61.92,0.271752
217,8,5,61.9239,0.293027
217,8,6,61.0329,0.261241
217,8,7,62.8014,0.256713
217,8,8,64.5542,0.253551
217,8,9,62.806,0.25721
217,8,10,64.578,0.247286
217,9,1,34.5133,0
217,9,2,34.5133,0
217,9,3,34.5133,0
217,9,4,34.5133,0
217,9,5,67.2232,0.271009
217,9,6,65.4502,0.275818
217,9,7,65.4483,0.260693
217,9,8,59.2635,0.274719
217,9,9,65.4561,0.249564
217,9,10,66.3446,0.254235
217,10,1,34.5133,0
217,10,2,34.5133,0
217,10,3,34.5133,0
217,10,4,34.5133,0
217,10,5,69.8693,0.33429
217,10,6,77.8203,0.357007
217,10,7,76.9382,0.337707
217,10,8,34.5133,0
217,10,9,99.0286,0.254918
217,10,10,66.3355,0.253687
229,1,1,61.9337,0.161152
229,1,2,64.5856,0.167044
229,1,3,69.8895,0.18433
229,1,4,67.2329,0.182026
229,1,5,66.3522,0.188692
229,1,6,64.5796,0.197483
229,1,7,66.3433,0.19866
229,1,8,63.6944,0.185028
229,1,9,65.461,0.188906
229,1,10,65.4645,0.183218
229,2,1,64.5866,0.196085
229,2,2,65.4702,0.192988
229,2,3,66.3539,0.211841
229,2,4,66.3529,0.228039
229,2,5,64.5791,0.213983
229,2,6,66.3498,0.215168
229,2,7,63.6943,0.213962
229,2,8,63.6961,0.214503
229,2,9,61.9259,0.213377
229,2,10,63.6957,0.206212
229,3,1,65.4707,0.222008
229,3,2,61.0431,0.224496
229,3,3,62.8125,0.216251
229,3,4,64.5849,0.243718
229,3,5,66.3529,0.244483
229,3,6,66.3492,0.231785
229,3,7,63.6945,0.218721
229,3,8,65.4614,0.219998
229,3,9,64.5777,0.214401
229,3,10,64.5724,0.21114
229,4,1,64.5831,0.254201
229,4,2,64.5791,0.246914
229,4,3,65.4644,0.246968
229,4,4,65.4675,0.242567
229,4,5,61.9267,0.253608
229,4,6,65.4664,0.253636
229,4,7,63.695,0.255592
229,4,8,65.4618,0.233974
229,4,9,63.6897,0.229796
229,4,10,64.575,0.220509
229,5,1,62.8119,0.27565
229,5,2,61.0419,0.274565
229,5,3,64.5809,0.265121
229,5,4,64.5778,0.263305
229,5,5,64.5787,0.251631
229,5,6,63.695,0.268167
229,5,7,65.466,0.248948
229,5,8,65.4612,0.265782
229,5,9,64.5747,0.243624
229,5,10,64.5746,0.243304
229,6,1,68.9957,0.290975
229,6,2,61.0374,0.299409
229,6,3,59.2642,0.287539
229,6,4,68.9973,0.284785
229,6,5,61.9203,0.274652
229,6,6,63.6904,0.26816
229,6,7,63.6893,0.276095
229,6,8,66.348,0.277873
229,6,9,63.6919,0.281431
229,6,10,65.4627,0.272644
229,7,1,34.5133,0
229,7,2,34.5133,0
229,7,3,34.5133,0
229,7,4,34.5133,0
229,7,5,68.1123,0.292262
229,7,6,63.6914,0.284119
229,7,7,64.5748,0.280084
229,7,8,61.9106,0.298169
229,7,9,63.6482,0.293965
229,7,10,64.5742,0.284091
229,8,1,34.5133,0
229,8,2,34.5133,0
229,8,3,34.5133,0
229,8,4,34.5133,0
229,8,5,34.5133,0
229,8,6,34.5133,0
229,8,7,42.4655,0.593955
229,8,8,49.5382,0.471797
229,8,9,34.5133,0
229,8,10,97.2617,0.301776
229,9,1,34.5133,0
229,9,2,34.5133,0
229,9,3,34.5133,0
229,9,4,34.5133,0
229,9,5,34.5133,0
229,9,6,34.5133,0
229,9,7,34.5133,0
229,9,8,34.5133,0
229,9,9,34.5133,0
229,9,10,34.5133,0
229,10,1,34.5133,0
229,10,2,34.5133,0
229,10,3,34.5133,0
229,10,4,34.5133,0
229,10,5,34.5133,0
229,10,6,34.5133,0
229,10,7,34.5133,0
229,10,8,34.5133,0
229,10,9,34.5133,0
229,10,10,34.5133,0
241,1,1,62.8154,0.202118
241,1,2,62.803,0.203883
241,1,3,62.8147,0.212394
241,1,4,66.3491,0.222318
241,1,5,62.8058,0.215152
241,1,6,68.1184,0.206159
241,1,7,62.8117,0.22041
241,1,8,64.5804,0.213821
241,1,9,65.4674,0.211223
241,1,10,64.5851,0.194098
241,2,1,63.6952,0.259038
241,2,2,64.5813,0.240456
241,2,3,64.5832,0.256626
241,2,4,64.5846,0.255437
241,2,5,66.3509,0.256498
241,2,6,67.2302,0.249845
241,2,7,62.8072,0.255546
241,2,8,63.6924,0.242677
241,2,9,67.2387,0.223034
241,2,10,68.1216,0.212406
241,3,1,65.4585,0.296362
241,3,2,63.6922,0.291222
241,3,3,66.3531,0.273416
241,3,4,64.5761,0.284613
241,3,5,46.0097,0.706692
241,3,6,51.3158,0.613297
241,3,7,45.1256,0.698005
241,3,8,65.463,0.28176
241,3,9,64.578,0.267576
241,3,10,59.2756,0.31559
241,4,1,66.3535,0.333206
241,4,2,63.6973,0.324797
241,4,3,68.1208,0.30876
241,4,4,64.5813,0.305447
241,4,5,61.9175,0.311466
241,4,6,65.456,0.311698
241,4,7,65.4635,0.30586
241,4,8,66.3462,0.302511
241,4,9,63.6968,0.291952
241,4,10,66.3461,0.271883
241,5,1,63.6964,0.359529
241,5,2,63.6956,0.349067
241,5,3,64.5781,0.337586
241,5,4,67.2368,0.327157
241,5,5,66.3509,0.353048
241,5,6,62.8062,0.330854
241,5,7,65.4641,0.324163
241,5,8,67.2375,0.322783
241,5,9,66.349,0.306865
241,5,10,64.5778,0.299362
241,6,1,34.5133,0
241,6,2,34.5133,0
241,6,3,34.5133,0
241,6,4,34.5133,0
241,6,5,65.4637,0.394291
241,6,6,60.1569,0.373492
241,6,7,62.8048,0.405745
241,6,8,62.8092,0.375228
241,6,9,65.4633,0.345281
241,6,10,63.6938,0.332245
241,7,1,34.5133,0
241,7,2,34.5133,0
241,7,3,34.5133,0
241,7,4,34.5133,0
241,7,5,34.5133,0
241,7,6,34.5133,0
241,7,7,34.5133,0
241,7,8,34.5133,0
241,7,9,34.5133,0
241,7,10,34.5133,0
241,8,1,34.5133,0
241,8,2,34.5133,0
241,8,3,34.5133,0
241,8,4,34.5133,0
241,8,5,34.5133,0
241,8,6,34.5133,0
241,8,7,34.5133,0
241,8,8,34.5133,0
241,8,9,34.5133,0
241,8,10,34.5133,0
241,9,1,34.5133,0
241,9,2,34.5133,0
241,9,3,34.5133,0
241,9,4,34.5133,0
241,9,5,34.5133,0
241,9,6,34.5133,0
241,9,7,34.5133,0
241,9,8,34.5133,0
241,9,9,34.5133,0
241,9,10,34.5133,0
241,10,1,34.5133,0
241,10,2,34.5133,0
241,10,3,34.5133,0
241,10,4,34.5133,0
241,10,5,34.5133,0
241,10,6,34.5133,0
241,10,7,34.5133,0
241,10,8,34.5133,0
241,10,9,34.5133,0
241,10,10,34.5133,0
253,1,1,34.5133,0
253,1,2,34.5133,0
253,1,3,34.5133,0
253,1,4,34.5133,0
253,1,5,49.5354,0.457268
253,1,6,60.1503,0.351161
253,1,7,59.2693,0.354343
253,1,8,63.6972,0.319155
253,1,9,62.8212,0.309225
253,1,10,63.7021,0.288486
253,2,1,34.5133,0
253,2,2,34.5133,0
253,2,3,34.5133,0
253,2,4,34.5133,0
253,2,5,65.4642,0.815884
253,2,6,67.2385,0.78445
253,2,7,69.8801,0.73054
253,2,8,91.0858,0.440666
253,2,9,68.1253,0.454893
253,2,10,68.1197,0.535697
253,3,1,34.5133,0
253,3,2,34.5133,0
253,3,3,34.5133,0
253,3,4,34.5133,0
253,3,5,34.5133,0
253,3,6,34.5133,0
253,3,7,34.5133,0
253,3,8,34.5133,0
253,3,9,34.5133,0
253,3,10,34.5133,0
253,4,1,34.5133,0
253,4,2,34.5133,0
253,4,3,34.5133,0
253,4,4,34.5133,0
253,4,5,34.5133,0
253,4,6,34.5133,0
253,4,7,34.5133,0
253,4,8,34.5133,0
253,4,9,34.5133,0
253,4,10,34.5133,0
253,5,1,34.5133,0
253,5,2,34.5133,0
253,5,3,34.5133,0
253,5,4,34.5133,0
253,5,5,34.5133,0
253,5,6,34.5133,0
253,5,7,34.5133,0
253,5,8,34.5133,0
253,5,9,34.5133,0
253,5,10,34.5133,0
253,6,1,34.5133,0
253,6,2,34.5133,0
253,6,3,34.5133,0
253,6,4,34.5133,0
253,6,5,34.5133,0
253,6,6,34.5133,0
253,6,7,34.5133,0
253,6,8,34.5133,0
253,6,9,34.5133,0
253,6,10,34.5133,0
253,7,1,34.5133,0
253,7,2,34.5133,0
253,7,3,34.5133,0
253,7,4,34.5133,0
253,7,5,34.5133,0
253,7,6,34.5133,0
253,7,7,34.5133,0
253,7,8,34.5133,0
253,7,9,34.5133,0
253,7,10,34.5133,0
253,8,1,34.5133,0
253,8,2,34.5133,0
253,8,3,34.5133,0
253,8,4,34.5133,0
253,8,5,34.5133,0
253,8,6,34.5133,0
253,8,7,34.5133,0
253,8,8,34.5133,0
253,8,9,34.5133,0
253,8,10,34.5133,0
253,9,1,34.5133,0
253,9,2,34.5133,0
253,9,3,34.5133,0
253,9,4,34.5133,0
253,9,5,34.5133,0
253,9,6,34.5133,0
253,9,7,34.5133,0
253,9,8,34.5133,0
253,9,9,34.5133,0
253,9,10,34.5133,0
253,10,1,34.5133,0
253,10,2,34.5133,0
253,10,3,34.5133,0
253,10,4,34.5133,0
253,10,5,34.5133,0
253,10,6,34.5133,0
253,10,7,34.5133,0
253,10,8,34.5133,0
253,10,9,34.5133,0
253,10,10,34.5133,0
